course_id,코스명,첫_장소,주소,방문지,카테고리,추천_검색어,네이버_이미지_검색,image_url,사진_장소,사진_역할,사진_방문순서,원본이미지,상태
course-00030,아트팩토리체험공방 → 구씨네부엌 코스,아트팩토리체험공방,서울 성동구 왕십리로 241,아트팩토리체험공방 → 구씨네부엌,"음식점, 체험",구씨네부엌 | 홍대 구씨네 부엌 | 아트팩토리 체험공방 | 아트팩토리 왕십리,https://search.naver.com/search.naver?where=image&query=%EA%B5%AC%EC%94%A8%EB%84%A4%EB%B6%80%EC%97%8C,,,,,,사진 미완료 · 수동 검색 인계
course-00075,잠실지하광장 쇼핑센터 → 구씨네부엌 코스,잠실지하광장 쇼핑센터,서울 송파구 잠실로 지하 156,잠실지하광장 쇼핑센터 → 구씨네부엌,"쇼핑, 음식점",구씨네부엌 | 홍대 구씨네 부엌 | 잠실지하광장 쇼핑센터 | 잠실 지하광장,https://search.naver.com/search.naver?where=image&query=%EA%B5%AC%EC%94%A8%EB%84%A4%EB%B6%80%EC%97%8C,,,,,,사진 미완료 · 수동 검색 인계
course-00113,일편등심 강남 → 아트팩토리체험공방 코스,일편등심 강남,서울 강남구 테헤란로1길 20,일편등심 강남 → 아트팩토리체험공방,"음식점, 체험",아트팩토리 체험공방 | 아트팩토리 왕십리 | 일편등심 강남점 | 강남 일편등심,https://search.naver.com/search.naver?where=image&query=%EC%95%84%ED%8A%B8%ED%8C%A9%ED%86%A0%EB%A6%AC%20%EC%B2%B4%ED%97%98%EA%B3%B5%EB%B0%A9,,,,,,사진 미완료 · 수동 검색 인계
course-00144,일편등심 강남 → 노란돼지 코스,일편등심 강남,서울 강남구 테헤란로1길 20,일편등심 강남 → 노란돼지,음식점,노란돼지 사당 | 노란돼지 방배 | 일편등심 강남점 | 강남 일편등심,https://search.naver.com/search.naver?where=image&query=%EB%85%B8%EB%9E%80%EB%8F%BC%EC%A7%80%20%EC%82%AC%EB%8B%B9,,,,,,사진 미완료 · 수동 검색 인계
course-00257,구씨네부엌 → 덕스(DUEX) → 농협경제지주 온라인사업부 코스,구씨네부엌,,구씨네부엌 → 덕스(DUEX) → 농협경제지주 온라인사업부,"쇼핑, 음식점, 전시",농협경제지주 온라인사업부 | 농협경제지주 온라인사업부 서울 마포구 신촌로 66 | 덕스(DUEX) | 덕스(DUEX) 서울 마포구 양화로 186 | 구씨네부엌 | 홍대 구씨네 부엌,https://search.naver.com/search.naver?where=image&query=%EB%86%8D%ED%98%91%EA%B2%BD%EC%A0%9C%EC%A7%80%EC%A3%BC%20%EC%98%A8%EB%9D%BC%EC%9D%B8%EC%82%AC%EC%97%85%EB%B6%80,,,,,,사진 미완료 · 수동 검색 인계
course-00264,아트팩토리체험공방 → 브이스퀘어 코스,아트팩토리체험공방,서울 성동구 왕십리로 241,아트팩토리체험공방 → 브이스퀘어,"전시, 체험",브이스퀘어 건대 | 브이스퀘어 롯데시네마 | 아트팩토리 체험공방 | 아트팩토리 왕십리,https://search.naver.com/search.naver?where=image&query=%EB%B8%8C%EC%9D%B4%EC%8A%A4%ED%80%98%EC%96%B4%20%EA%B1%B4%EB%8C%80,,,,,,사진 미완료 · 수동 검색 인계
course-00359,문화역서울284 → 이이네 → 남산하늘숲길 소월정원 코스,문화역서울284,서울 중구 통일로 1,문화역서울284 → 이이네 → 남산하늘숲길 소월정원,"관광, 음식점, 전시",남산하늘숲길 소월정원 | 남산하늘숲길 소월정원 서울 용산구 후암동 30-84 | 이이네 | 이이네 서울 용산구 소월로2길 13 | 문화역서울284 | 문화역 서울 284,https://search.naver.com/search.naver?where=image&query=%EB%82%A8%EC%82%B0%ED%95%98%EB%8A%98%EC%88%B2%EA%B8%B8%20%EC%86%8C%EC%9B%94%EC%A0%95%EC%9B%90,,,,,,사진 미완료 · 수동 검색 인계
course-00473,노란돼지 → 사당1동먹자골목상점가 → 엔지니어링역사관 코스,노란돼지,서울 동작구 동작대로7길 97,노란돼지 → 사당1동먹자골목상점가 → 엔지니어링역사관,"관광, 음식점, 전시",엔지니어링역사관 | 엔지니어링역사관 서울 동작구 남부순환로 2017 | 사당1동먹자골목상점가 | 사당1동먹자골목상점가 서울 동작구 사당동 1101 | 노란돼지 사당 | 노란돼지 방배,https://search.naver.com/search.naver?where=image&query=%EC%97%94%EC%A7%80%EB%8B%88%EC%96%B4%EB%A7%81%EC%97%AD%EC%82%AC%EA%B4%80,,,,,,사진 미완료 · 수동 검색 인계
course-00487,노란돼지 → 그루타 → 엔지니어링역사관 코스,노란돼지,서울 동작구 동작대로7길 97,노란돼지 → 그루타 → 엔지니어링역사관,"음식점, 전시, 카페",엔지니어링역사관 | 엔지니어링역사관 서울 동작구 남부순환로 2017 | 그루타 | 그루타 서울 동작구 사당로26길 77 | 노란돼지 사당 | 노란돼지 방배,https://search.naver.com/search.naver?where=image&query=%EC%97%94%EC%A7%80%EB%8B%88%EC%96%B4%EB%A7%81%EC%97%AD%EC%82%AC%EA%B4%80,,,,,,사진 미완료 · 수동 검색 인계
course-00491,갓잇 문래점 → 엔지니어링역사관 코스,갓잇 문래점,서울 영등포구 경인로77길 14,갓잇 문래점 → 엔지니어링역사관,"음식점, 전시",엔지니어링역사관 | 엔지니어링역사관 서울 동작구 남부순환로 2017 | 갓잇 문래점 | 문래 갓잇,https://search.naver.com/search.naver?where=image&query=%EC%97%94%EC%A7%80%EB%8B%88%EC%96%B4%EB%A7%81%EC%97%AD%EC%82%AC%EA%B4%80,,,,,,사진 미완료 · 수동 검색 인계
course-00575,잠실지하광장 쇼핑센터 → 아트팩토리체험공방 코스,잠실지하광장 쇼핑센터,서울 송파구 잠실로 지하 156,잠실지하광장 쇼핑센터 → 아트팩토리체험공방,"쇼핑, 체험",아트팩토리 체험공방 | 아트팩토리 왕십리 | 잠실지하광장 쇼핑센터 | 잠실 지하광장,https://search.naver.com/search.naver?where=image&query=%EC%95%84%ED%8A%B8%ED%8C%A9%ED%86%A0%EB%A6%AC%20%EC%B2%B4%ED%97%98%EA%B3%B5%EB%B0%A9,,,,,,사진 미완료 · 수동 검색 인계
course-00631,노란돼지 → 아트팩토리체험공방 코스,노란돼지,서울 동작구 동작대로7길 97,노란돼지 → 아트팩토리체험공방,"음식점, 체험",아트팩토리 체험공방 | 아트팩토리 왕십리 | 노란돼지 사당 | 노란돼지 방배,https://search.naver.com/search.naver?where=image&query=%EC%95%84%ED%8A%B8%ED%8C%A9%ED%86%A0%EB%A6%AC%20%EC%B2%B4%ED%97%98%EA%B3%B5%EB%B0%A9,,,,,,사진 미완료 · 수동 검색 인계
course-00676,로얄마카롱 → 이바인체험샵 → 열 코스,로얄마카롱,,로얄마카롱 → 이바인체험샵 → 열,"쇼핑, 음식점, 카페",열 | 열 서울 서초구 서초대로78길 48 | 이바인체험샵 | 이바인체험샵 서울 서초구 강남대로 359 | 로얄마카롱 | 서울 로얄마카롱,https://search.naver.com/search.naver?where=image&query=%EC%97%B4,,,,,,사진 미완료 · 수동 검색 인계
course-00693,그라운드시소 센트럴 → 이이네 → 쇼핑하는사람들 코스,그라운드시소 센트럴,서울 중구 세종대로 14,그라운드시소 센트럴 → 이이네 → 쇼핑하는사람들,"쇼핑, 음식점, 전시",쇼핑하는사람들 | 쇼핑하는사람들 서울 용산구 후암로 80-1 | 이이네 | 이이네 서울 용산구 소월로2길 13 | 그라운드시소 센트럴 | 센트럴 그라운드시소,https://search.naver.com/search.naver?where=image&query=%EC%87%BC%ED%95%91%ED%95%98%EB%8A%94%EC%82%AC%EB%9E%8C%EB%93%A4,,,,,,사진 미완료 · 수동 검색 인계
course-00716,노란돼지 → 윤남아트스페이스 → 이수역꼬치거리 코스,노란돼지,서울 동작구 동작대로7길 97,노란돼지 → 윤남아트스페이스 → 이수역꼬치거리,"관광, 음식점, 전시",이수역꼬치거리 | 이수역꼬치거리 서울 동작구 사당동 134-1 | 윤남아트스페이스 | 윤남아트스페이스 서울 동작구 동작대로 65 | 노란돼지 사당 | 노란돼지 방배,https://search.naver.com/search.naver?where=image&query=%EC%9D%B4%EC%88%98%EC%97%AD%EA%BC%AC%EC%B9%98%EA%B1%B0%EB%A6%AC,,,,,,사진 미완료 · 수동 검색 인계
course-00733,구씨네부엌 → WP → 소녀전선2망명갤러리 코스,구씨네부엌,,구씨네부엌 → WP → 소녀전선2망명갤러리,"음식점, 전시, 카페",소녀전선2망명갤러리 | 소녀전선2망명갤러리 서울 서대문구 연희로11가길 32 | WP | WP 서울 서대문구 연희로 89-11 | 구씨네부엌 | 홍대 구씨네 부엌,https://search.naver.com/search.naver?where=image&query=%EC%86%8C%EB%85%80%EC%A0%84%EC%84%A02%EB%A7%9D%EB%AA%85%EA%B0%A4%EB%9F%AC%EB%A6%AC,,,,,,사진 미완료 · 수동 검색 인계
course-00777,잠실지하광장 쇼핑센터 → 한정선 잠실롯데월드몰점 → 이머시브플랫폼딥 코스,잠실지하광장 쇼핑센터,서울 송파구 잠실로 지하 156,잠실지하광장 쇼핑센터 → 한정선 잠실롯데월드몰점 → 이머시브플랫폼딥,"쇼핑, 전시, 카페",이머시브플랫폼딥 | 이머시브플랫폼딥 서울 송파구 송파대로 521 | 한정선 잠실롯데월드몰점 | 한정선 잠실롯데월드몰점 서울 송파구 올림픽로 300 | 잠실지하광장 쇼핑센터 | 잠실 지하광장,https://search.naver.com/search.naver?where=image&query=%EC%9D%B4%EB%A8%B8%EC%8B%9C%EB%B8%8C%ED%94%8C%EB%9E%AB%ED%8F%BC%EB%94%A5,,,,,,사진 미완료 · 수동 검색 인계
course-00780,노란돼지 → 이수역꼬치거리 → 사당알뜰쇼핑 코스,노란돼지,서울 동작구 동작대로7길 97,노란돼지 → 이수역꼬치거리 → 사당알뜰쇼핑,"관광, 쇼핑, 음식점",사당알뜰쇼핑 | 사당알뜰쇼핑 서울 동작구 동작대로29길 5 | 이수역꼬치거리 | 이수역꼬치거리 서울 동작구 사당동 134-1 | 노란돼지 사당 | 노란돼지 방배,https://search.naver.com/search.naver?where=image&query=%EC%82%AC%EB%8B%B9%EC%95%8C%EB%9C%B0%EC%87%BC%ED%95%91,,,,,,사진 미완료 · 수동 검색 인계
course-00813,신도림이도식당 → 구캔갤러리 → MKSHOPPING(엠케이쇼핑) 코스,신도림이도식당,서울 구로구 경인로 661,신도림이도식당 → 구캔갤러리 → MKSHOPPING(엠케이쇼핑),"쇼핑, 음식점, 전시",MKSHOPPING(엠케이쇼핑) | MKSHOPPING(엠케이쇼핑) 서울 구로구 공원로11길 33 | 구캔갤러리 | 구캔갤러리 서울 구로구 경인로 661 | 신도림 이도식당 | 이도식당 신도림,https://search.naver.com/search.naver?where=image&query=MKSHOPPING%28%EC%97%A0%EC%BC%80%EC%9D%B4%EC%87%BC%ED%95%91%29,,,,,,사진 미완료 · 수동 검색 인계
course-00820,노란돼지 → 윤남아트스페이스 → 사당알뜰쇼핑 코스,노란돼지,서울 동작구 동작대로7길 97,노란돼지 → 윤남아트스페이스 → 사당알뜰쇼핑,"쇼핑, 음식점, 전시",사당알뜰쇼핑 | 사당알뜰쇼핑 서울 동작구 동작대로29길 5 | 윤남아트스페이스 | 윤남아트스페이스 서울 동작구 동작대로 65 | 노란돼지 사당 | 노란돼지 방배,https://search.naver.com/search.naver?where=image&query=%EC%82%AC%EB%8B%B9%EC%95%8C%EB%9C%B0%EC%87%BC%ED%95%91,,,,,,사진 미완료 · 수동 검색 인계
course-00832,노란돼지 → 사당1동먹자골목상점가 → 사당알뜰쇼핑 코스,노란돼지,서울 동작구 동작대로7길 97,노란돼지 → 사당1동먹자골목상점가 → 사당알뜰쇼핑,"관광, 쇼핑, 음식점",사당알뜰쇼핑 | 사당알뜰쇼핑 서울 동작구 동작대로29길 5 | 사당1동먹자골목상점가 | 사당1동먹자골목상점가 서울 동작구 사당동 1101 | 노란돼지 사당 | 노란돼지 방배,https://search.naver.com/search.naver?where=image&query=%EC%82%AC%EB%8B%B9%EC%95%8C%EB%9C%B0%EC%87%BC%ED%95%91,,,,,,사진 미완료 · 수동 검색 인계
course-00907,구씨네부엌 → 테이블에이 → 토로스쇼핑타워 코스,구씨네부엌,,구씨네부엌 → 테이블에이 → 토로스쇼핑타워,"관광, 쇼핑, 음식점",토로스쇼핑타워 | 토로스쇼핑타워 서울 마포구 양화로 153 | 테이블에이 | 테이블에이 서울 마포구 와우산로 146 | 구씨네부엌 | 홍대 구씨네 부엌,https://search.naver.com/search.naver?where=image&query=%ED%86%A0%EB%A1%9C%EC%8A%A4%EC%87%BC%ED%95%91%ED%83%80%EC%9B%8C,,,,,,사진 미완료 · 수동 검색 인계
course-00909,노란돼지 → 엔지니어링역사관 → 쇼핑그라운드 코스,노란돼지,서울 동작구 동작대로7길 97,노란돼지 → 엔지니어링역사관 → 쇼핑그라운드,"쇼핑, 음식점, 전시",쇼핑그라운드 | 쇼핑그라운드 서울 동작구 사당로17길 53 | 엔지니어링역사관 | 엔지니어링역사관 서울 동작구 남부순환로 2017 | 노란돼지 사당 | 노란돼지 방배,https://search.naver.com/search.naver?where=image&query=%EC%87%BC%ED%95%91%EA%B7%B8%EB%9D%BC%EC%9A%B4%EB%93%9C,,,,,,사진 미완료 · 수동 검색 인계
course-00912,아트팩토리체험공방 → 마일스톤커피 성수 → 서울숲아트센터 코스,아트팩토리체험공방,서울 성동구 왕십리로 241,아트팩토리체험공방 → 마일스톤커피 성수 → 서울숲아트센터,"전시, 체험, 카페",서울숲아트센터 | 서울숲아트센터 서울 성동구 서울숲2길 32-14 | 마일스톤커피 성수 | 마일스톤커피 성수 서울 성동구 서울숲4길 15 | 아트팩토리 체험공방 | 아트팩토리 왕십리,https://search.naver.com/search.naver?where=image&query=%EC%84%9C%EC%9A%B8%EC%88%B2%EC%95%84%ED%8A%B8%EC%84%BC%ED%84%B0,,,,,,사진 미완료 · 수동 검색 인계
course-00932,노란돼지 → 윤남아트스페이스 → 쇼핑그라운드 코스,노란돼지,서울 동작구 동작대로7길 97,노란돼지 → 윤남아트스페이스 → 쇼핑그라운드,"쇼핑, 음식점, 전시",쇼핑그라운드 | 쇼핑그라운드 서울 동작구 사당로17길 53 | 윤남아트스페이스 | 윤남아트스페이스 서울 동작구 동작대로 65 | 노란돼지 사당 | 노란돼지 방배,https://search.naver.com/search.naver?where=image&query=%EC%87%BC%ED%95%91%EA%B7%B8%EB%9D%BC%EC%9A%B4%EB%93%9C,,,,,,사진 미완료 · 수동 검색 인계
course-00969,구씨네부엌 → 굽네 플레이타운 → 홍대클럽거리 코스,구씨네부엌,,구씨네부엌 → 굽네 플레이타운 → 홍대클럽거리,"관광, 음식점, 전시",홍대클럽거리 | 홍대클럽거리 서울 마포구 와우산로 70 | 굽네 플레이타운 | 굽네 플레이타운 서울 마포구 잔다리로2길 23 | 구씨네부엌 | 홍대 구씨네 부엌,https://search.naver.com/search.naver?where=image&query=%ED%99%8D%EB%8C%80%ED%81%B4%EB%9F%BD%EA%B1%B0%EB%A6%AC,,,,,,사진 미완료 · 수동 검색 인계
course-00982,잠실지하광장 쇼핑센터 → 오레노라멘 송파점 → 송리단길 코스,잠실지하광장 쇼핑센터,서울 송파구 잠실로 지하 156,잠실지하광장 쇼핑센터 → 오레노라멘 송파점 → 송리단길,"관광, 쇼핑, 음식점",송리단길 | 송리단길 서울 송파구 송파동 | 오레노라멘 송파점 | 오레노라멘 송파점 서울 송파구 백제고분로45길 17-3 | 잠실지하광장 쇼핑센터 | 잠실 지하광장,https://search.naver.com/search.naver?where=image&query=%EC%86%A1%EB%A6%AC%EB%8B%A8%EA%B8%B8,,,,,,사진 미완료 · 수동 검색 인계
